request_id,timestamp,method,path,remote_addr,label,attack_family,source_dataset,expected_action,attack_types_json,rule_block,hybrid_block,admin_path_signal,automation_abuse_signal,automation_user_agent_signal,body_length,body_length_score,brute_force_signal,command_injection_signal,cookies_count,ddos_signal,encoded_character_ratio,fingerprint_reuse_score,has_form_body,has_json_body,header_count,ip_block_ratio,ip_request_rate_score,login_path_signal,method_is_mutating,missing_user_agent_signal,path_depth,path_novelty_score,payload_evasion_signal,query_attack_signal,query_length,query_length_score,session_request_rate_score,special_character_score,sql_injection_signal,suspicious_keyword_hits,token_bucket_pressure,traversal_signal,unique_path_pressure,url_length,xss_signal
pattern-0001,2026-01-01T00:00:01+00:00,GET,/,10.0.0.10,benign,benign,synthetic_attack_patterns,allow,[],0,0,0.0,0.0,0.0,0.0,0.0,0.0,0.0,0.0,0.0,0.0,0.0,0.0,0.0,2.0,0.0,0.0,0.0,0.0,0.0,0.0,1.0,0.0,0.0,13.0,0.10833333333333334,0.0,0.0833,0.0,0.0,0.0222,0.0,0.05,36.0,0.0
pattern-0002,2026-01-01T00:00:02+00:00,GET,/products,10.0.0.10,benign,benign,synthetic_attack_patterns,allow,[],0,0,0.0,0.0,0.0,0.0,0.0,0.0,0.0,0.0,0.0,0.0,0.0,0.0,0.0,2.0,0.0,0.0,0.0,0.0,0.0,1.0,1.0,0.0,0.0,16.0,0.13333333333333333,0.0,0.1667,0.0,0.0,0.0222,0.0,0.05,47.0,0.0
pattern-0003,2026-01-01T00:00:03+00:00,GET,/api/hello,10.0.0.10,benign,benign,synthetic_attack_patterns,allow,[],0,0,0.0,0.0,0.0,0.0,0.0,0.0,0.0,0.0,0.0,0.0,0.0,0.0,0.0,2.0,0.0,0.0,0.0,0.0,0.0,2.0,1.0,0.0,0.0,9.0,0.075,0.0,0.1667,0.0,0.0,0.0222,0.0,0.05,41.0,0.0
pattern-0004,2026-01-01T00:00:04+00:00,POST,/contact,10.0.0.10,benign,benign,synthetic_attack_patterns,allow,[],0,0,0.0,0.0,0.0,28.0,0.00341796875,0.0,0.0,0.0,0.0,0.0,0.0,1.0,0.0,3.0,0.0,0.0,0.0,1.0,0.0,1.0,1.0,0.0,0.0,0.0,0.0,0.0,0.1667,0.0,0.0,0.0222,0.0,0.05,29.0,0.0
pattern-0005,2026-01-01T00:00:05+00:00,POST,/api/orders,10.0.0.10,benign,benign,synthetic_attack_patterns,allow,[],0,0,0.0,0.0,0.0,23.0,0.0028076171875,0.0,0.0,0.0,0.0,0.0,0.0,0.0,1.0,3.0,0.0,0.0,0.0,1.0,0.0,2.0,1.0,0.0,0.0,0.0,0.0,0.0,0.6667,0.0,0.0,0.0222,0.0,0.05,32.0,0.0
pattern-0006,2026-01-01T00:00:06+00:00,GET,/blog/2026/launch,10.0.0.10,benign,benign,synthetic_attack_patterns,allow,[],0,0,0.0,0.0,0.0,0.0,0.0,0.0,0.0,0.0,0.0,0.0,0.0,0.0,0.0,2.0,0.0,0.0,0.0,0.0,0.0,3.0,1.0,0.0,0.0,0.0,0.0,0.0,0.25,0.0,0.0,0.0222,0.0,0.05,38.0,0.0
pattern-0007,2026-01-01T00:00:07+00:00,GET,/,10.0.0.11,benign,benign,synthetic_attack_patterns,allow,[],0,0,0.0,0.0,0.0,0.0,0.0,0.0,0.0,0.0,0.0,0.0,0.0,0.0,0.0,2.0,0.0,0.03333333333333333,0.0,0.0,0.0,0.0,0.0,0.0,0.0,13.0,0.10833333333333334,0.06666666666666667,0.0833,0.0,0.0,0.0444,0.0,0.1,36.0,0.0
pattern-0008,2026-01-01T00:00:08+00:00,GET,/products,10.0.0.11,benign,benign,synthetic_attack_patterns,allow,[],0,0,0.0,0.0,0.0,0.0,0.0,0.0,0.0,0.0,0.0,0.0,0.0,0.0,0.0,2.0,0.0,0.03333333333333333,0.0,0.0,0.0,1.0,0.0,0.0,0.0,16.0,0.13333333333333333,0.06666666666666667,0.1667,0.0,0.0,0.0444,0.0,0.1,47.0,0.0
pattern-0009,2026-01-01T00:00:09+00:00,GET,/api/hello,10.0.0.11,benign,benign,synthetic_attack_patterns,allow,[],0,0,0.0,0.0,0.0,0.0,0.0,0.0,0.0,0.0,0.0,0.0,0.0,0.0,0.0,2.0,0.0,0.03333333333333333,0.0,0.0,0.0,2.0,0.0,0.0,0.0,9.0,0.075,0.06666666666666667,0.1667,0.0,0.0,0.0444,0.0,0.1,41.0,0.0
pattern-0010,2026-01-01T00:00:10+00:00,POST,/contact,10.0.0.11,benign,benign,synthetic_attack_patterns,allow,[],0,0,0.0,0.0,0.0,28.0,0.00341796875,0.0,0.0,0.0,0.0,0.0,0.0,1.0,0.0,3.0,0.0,0.03333333333333333,0.0,1.0,0.0,1.0,0.0,0.0,0.0,0.0,0.0,0.06666666666666667,0.1667,0.0,0.0,0.0444,0.0,0.1,29.0,0.0
pattern-0011,2026-01-01T00:00:11+00:00,POST,/api/orders,10.0.0.11,benign,benign,synthetic_attack_patterns,allow,[],0,0,0.0,0.0,0.0,23.0,0.0028076171875,0.0,0.0,0.0,0.0,0.0,0.0,0.0,1.0,3.0,0.0,0.03333333333333333,0.0,1.0,0.0,2.0,0.0,0.0,0.0,0.0,0.0,0.06666666666666667,0.6667,0.0,0.0,0.0444,0.0,0.1,32.0,0.0
pattern-0012,2026-01-01T00:00:12+00:00,GET,/blog/2026/launch,10.0.0.11,benign,benign,synthetic_attack_patterns,allow,[],0,0,0.0,0.0,0.0,0.0,0.0,0.0,0.0,0.0,0.0,0.0,0.0,0.0,0.0,2.0,0.0,0.03333333333333333,0.0,0.0,0.0,3.0,0.0,0.0,0.0,0.0,0.0,0.06666666666666667,0.25,0.0,0.0,0.0444,0.0,0.1,38.0,0.0
pattern-0013,2026-01-01T00:00:13+00:00,GET,/,10.0.0.12,benign,benign,synthetic_attack_patterns,allow,[],0,0,0.0,0.0,0.0,0.0,0.0,0.0,0.0,0.0,0.0,0.0,0.2,0.0,0.0,2.0,0.0,0.06666666666666667,0.0,0.0,0.0,0.0,0.0,0.0,0.0,13.0,0.10833333333333334,0.13333333333333333,0.0833,0.0,0.0,0.0667,0.0,0.15,36.0,0.0
pattern-0014,2026-01-01T00:00:14+00:00,GET,/products,10.0.0.12,benign,benign,synthetic_attack_patterns,allow,[],0,0,0.0,0.0,0.0,0.0,0.0,0.0,0.0,0.0,0.0,0.0,0.2,0.0,0.0,2.0,0.0,0.06666666666666667,0.0,0.0,0.0,1.0,0.0,0.0,0.0,16.0,0.13333333333333333,0.13333333333333333,0.1667,0.0,0.0,0.0667,0.0,0.15,47.0,0.0
pattern-0015,2026-01-01T00:00:15+00:00,GET,/api/hello,10.0.0.12,benign,benign,synthetic_attack_patterns,allow,[],0,0,0.0,0.0,0.0,0.0,0.0,0.0,0.0,0.0,0.0,0.0,0.2,0.0,0.0,2.0,0.0,0.06666666666666667,0.0,0.0,0.0,2.0,0.0,0.0,0.0,9.0,0.075,0.13333333333333333,0.1667,0.0,0.0,0.0667,0.0,0.15,41.0,0.0
pattern-0016,2026-01-01T00:00:16+00:00,POST,/contact,10.0.0.12,benign,benign,synthetic_attack_patterns,allow,[],0,0,0.0,0.0,0.0,28.0,0.00341796875,0.0,0.0,0.0,0.0,0.0,0.2,1.0,0.0,3.0,0.0,0.06666666666666667,0.0,1.0,0.0,1.0,0.0,0.0,0.0,0.0,0.0,0.13333333333333333,0.1667,0.0,0.0,0.0667,0.0,0.15,29.0,0.0
pattern-0017,2026-01-01T00:00:17+00:00,POST,/api/orders,10.0.0.12,benign,benign,synthetic_attack_patterns,allow,[],0,0,0.0,0.0,0.0,23.0,0.0028076171875,0.0,0.0,0.0,0.0,0.0,0.2,0.0,1.0,3.0,0.0,0.06666666666666667,0.0,1.0,0.0,2.0,0.0,0.0,0.0,0.0,0.0,0.13333333333333333,0.6667,0.0,0.0,0.0667,0.0,0.15,32.0,0.0
pattern-0018,2026-01-01T00:00:18+00:00,GET,/blog/2026/launch,10.0.0.12,benign,benign,synthetic_attack_patterns,allow,[],0,0,0.0,0.0,0.0,0.0,0.0,0.0,0.0,0.0,0.0,0.0,0.2,0.0,0.0,2.0,0.0,0.06666666666666667,0.0,0.0,0.0,3.0,0.0,0.0,0.0,0.0,0.0,0.13333333333333333,0.25,0.0,0.0,0.0667,0.0,0.15,38.0,0.0
pattern-0019,2026-01-01T00:00:19+00:00,GET,/,10.0.0.13,benign,benign,synthetic_attack_patterns,allow,[],0,0,0.0,0.0,0.0,0.0,0.0,0.0,0.0,0.0,0.0,0.0,0.4,0.0,0.0,2.0,0.0,0.1,0.0,0.0,0.0,0.0,0.0,0.0,0.0,13.0,0.10833333333333334,0.2,0.0833,0.0,0.0,0.0889,0.0,0.2,36.0,0.0
pattern-0020,2026-01-01T00:00:20+00:00,GET,/products,10.0.0.13,benign,benign,synthetic_attack_patterns,allow,[],0,0,0.0,0.0,0.0,0.0,0.0,0.0,0.0,0.0,0.0,0.0,0.4,0.0,0.0,2.0,0.0,0.1,0.0,0.0,0.0,1.0,0.0,0.0,0.0,16.0,0.13333333333333333,0.2,0.1667,0.0,0.0,0.0889,0.0,0.2,47.0,0.0
pattern-0021,2026-01-01T00:00:21+00:00,GET,/api/hello,10.0.0.13,benign,benign,synthetic_attack_patterns,allow,[],0,0,0.0,0.0,0.0,0.0,0.0,0.0,0.0,0.0,0.0,0.0,0.4,0.0,0.0,2.0,0.0,0.1,0.0,0.0,0.0,2.0,0.0,0.0,0.0,9.0,0.075,0.2,0.1667,0.0,0.0,0.0889,0.0,0.2,41.0,0.0
pattern-0022,2026-01-01T00:00:22+00:00,POST,/contact,10.0.0.13,benign,benign,synthetic_attack_patterns,allow,[],0,0,0.0,0.0,0.0,28.0,0.00341796875,0.0,0.0,0.0,0.0,0.0,0.4,1.0,0.0,3.0,0.0,0.1,0.0,1.0,0.0,1.0,0.0,0.0,0.0,0.0,0.0,0.2,0.1667,0.0,0.0,0.0889,0.0,0.2,29.0,0.0
pattern-0023,2026-01-01T00:00:23+00:00,POST,/api/orders,10.0.0.13,benign,benign,synthetic_attack_patterns,allow,[],0,0,0.0,0.0,0.0,23.0,0.0028076171875,0.0,0.0,0.0,0.0,0.0,0.4,0.0,1.0,3.0,0.0,0.1,0.0,1.0,0.0,2.0,0.0,0.0,0.0,0.0,0.0,0.2,0.6667,0.0,0.0,0.0889,0.0,0.2,32.0,0.0
pattern-0024,2026-01-01T00:00:24+00:00,GET,/blog/2026/launch,10.0.0.13,benign,benign,synthetic_attack_patterns,allow,[],0,0,0.0,0.0,0.0,0.0,0.0,0.0,0.0,0.0,0.0,0.0,0.4,0.0,0.0,2.0,0.0,0.1,0.0,0.0,0.0,3.0,0.0,0.0,0.0,0.0,0.0,0.2,0.25,0.0,0.0,0.0889,0.0,0.2,38.0,0.0
pattern-0025,2026-01-01T00:00:25+00:00,GET,/products,10.0.1.10,malicious,sql_injection,synthetic_attack_patterns,block,"[""sql_injection"", ""malicious_automation""]",1,1,0.0,1.0,1.0,0.0,0.0,0.0,0.0,0.0,0.0,0.0,0.8,0.0,0.0,2.0,0.0,0.4,0.0,0.0,0.0,1.0,0.0,0.0,1.0,46.0,0.38333333333333336,0.0,0.0833,1.0,1.0,0.7778,0.0,0.15,77.0,0.0
pattern-0026,2026-01-01T00:00:26+00:00,GET,/products,10.0.1.10,malicious,sql_injection,synthetic_attack_patterns,block,"[""sql_injection"", ""malicious_automation""]",1,1,0.0,1.0,1.0,0.0,0.0,0.0,0.0,0.0,0.0,0.0,0.8,0.0,0.0,2.0,0.0,0.4,0.0,0.0,0.0,1.0,0.0,0.0,1.0,21.0,0.175,0.0,0.1667,1.0,1.0,0.7778,0.0,0.15,52.0,0.0
pattern-0027,2026-01-01T00:00:27+00:00,GET,/products,10.0.1.10,malicious,sql_injection,synthetic_attack_patterns,block,"[""sql_injection"", ""malicious_automation""]",1,1,0.0,1.0,1.0,0.0,0.0,0.0,0.0,0.0,0.0,0.0,0.8,0.0,0.0,2.0,0.0,0.4,0.0,0.0,0.0,1.0,0.0,0.0,1.0,32.0,0.26666666666666666,0.0,0.1667,1.0,1.0,0.7778,0.0,0.15,63.0,0.0
pattern-0028,2026-01-01T00:00:28+00:00,GET,/products,10.0.1.10,malicious,sql_injection,synthetic_attack_patterns,block,"[""sql_injection"", ""malicious_automation""]",1,1,0.0,1.0,1.0,0.0,0.0,0.0,0.0,0.0,0.0,0.0,0.8,0.0,0.0,2.0,0.0,0.4,0.0,0.0,0.0,1.0,0.0,0.0,1.0,28.0,0.23333333333333334,0.0,0.25,1.0,1.0,0.7778,0.0,0.15,59.0,0.0
pattern-0029,2026-01-01T00:00:29+00:00,GET,/products,10.0.1.10,malicious,sql_injection,synthetic_attack_patterns,block,"[""sql_injection"", ""malicious_automation""]",1,1,0.0,1.0,1.0,0.0,0.0,0.0,0.0,0.0,0.0,0.0,0.8,0.0,0.0,2.0,0.0,0.4,0.0,0.0,0.0,1.0,0.0,0.0,1.0,46.0,0.38333333333333336,0.0,0.0833,1.0,1.0,0.7778,0.0,0.15,77.0,0.0
pattern-0030,2026-01-01T00:00:30+00:00,GET,/products,10.0.1.10,malicious,sql_injection,synthetic_attack_patterns,block,"[""sql_injection"", ""malicious_automation""]",1,1,0.0,1.0,1.0,0.0,0.0,0.0,0.0,0.0,0.0,0.0,0.8,0.0,0.0,2.0,0.0,0.4,0.0,0.0,0.0,1.0,0.0,0.0,1.0,21.0,0.175,0.0,0.1667,1.0,1.0,0.7778,0.0,0.15,52.0,0.0
pattern-0031,2026-01-01T00:00:31+00:00,GET,/products,10.0.1.10,malicious,sql_injection,synthetic_attack_patterns,block,"[""sql_injection"", ""malicious_automation""]",1,1,0.0,1.0,1.0,0.0,0.0,0.0,0.0,0.0,0.0,0.0,0.8,0.0,0.0,2.0,0.0,0.4,0.0,0.0,0.0,1.0,0.0,0.0,1.0,32.0,0.26666666666666666,0.0,0.1667,1.0,1.0,0.7778,0.0,0.15,63.0,0.0
pattern-0032,2026-01-01T00:00:32+00:00,GET,/products,10.0.1.10,malicious,sql_injection,synthetic_attack_patterns,block,"[""sql_injection"", ""malicious_automation""]",1,1,0.0,1.0,1.0,0.0,0.0,0.0,0.0,0.0,0.0,0.0,0.8,0.0,0.0,2.0,0.0,0.4,0.0,0.0,0.0,1.0,0.0,0.0,1.0,28.0,0.23333333333333334,0.0,0.25,1.0,1.0,0.7778,0.0,0.15,59.0,0.0
pattern-0033,2026-01-01T00:00:33+00:00,GET,/products,10.0.1.10,malicious,sql_injection,synthetic_attack_patterns,block,"[""sql_injection"", ""malicious_automation""]",1,1,0.0,1.0,1.0,0.0,0.0,0.0,0.0,0.0,0.0,0.0,0.8,0.0,0.0,2.0,0.0,0.4,0.0,0.0,0.0,1.0,0.0,0.0,1.0,46.0,0.38333333333333336,0.0,0.0833,1.0,1.0,0.7778,0.0,0.15,77.0,0.0
pattern-0034,2026-01-01T00:00:34+00:00,GET,/products,10.0.1.10,malicious,sql_injection,synthetic_attack_patterns,block,"[""sql_injection"", ""malicious_automation""]",1,1,0.0,1.0,1.0,0.0,0.0,0.0,0.0,0.0,0.0,0.0,0.8,0.0,0.0,2.0,0.0,0.4,0.0,0.0,0.0,1.0,0.0,0.0,1.0,21.0,0.175,0.0,0.1667,1.0,1.0,0.7778,0.0,0.15,52.0,0.0
pattern-0035,2026-01-01T00:00:35+00:00,GET,/products,10.0.1.10,malicious,sql_injection,synthetic_attack_patterns,block,"[""sql_injection"", ""malicious_automation""]",1,1,0.0,1.0,1.0,0.0,0.0,0.0,0.0,0.0,0.0,0.0,0.8,0.0,0.0,2.0,0.0,0.4,0.0,0.0,0.0,1.0,0.0,0.0,1.0,32.0,0.26666666666666666,0.0,0.1667,1.0,1.0,0.7778,0.0,0.15,63.0,0.0
pattern-0036,2026-01-01T00:00:36+00:00,GET,/products,10.0.1.10,malicious,sql_injection,synthetic_attack_patterns,block,"[""sql_injection"", ""malicious_automation""]",1,1,0.0,1.0,1.0,0.0,0.0,0.0,0.0,0.0,0.0,0.0,0.8,0.0,0.0,2.0,0.0,0.4,0.0,0.0,0.0,1.0,0.0,0.0,1.0,28.0,0.23333333333333334,0.0,0.25,1.0,1.0,0.7778,0.0,0.15,59.0,0.0
pattern-0037,2026-01-01T00:00:37+00:00,POST,/comments,10.0.2.11,malicious,xss,synthetic_attack_patterns,block,"[""xss""]",1,1,0.0,0.0,0.0,25.0,0.0030517578125,0.0,0.0,0.0,0.0,0.0,0.4,0.0,0.0,3.0,0.0,0.26666666666666666,0.0,1.0,0.0,1.0,0.0,0.0,0.0,0.0,0.0,0.26666666666666666,0.6667,0.0,1.0,0.6889,0.0,0.1,30.0,1.0
pattern-0038,2026-01-01T00:00:38+00:00,POST,/comments,10.0.2.11,malicious,xss,synthetic_attack_patterns,block,"[""xss""]",1,1,0.0,0.0,0.0,28.0,0.00341796875,0.0,0.0,0.0,0.0,0.0,0.4,0.0,0.0,3.0,0.0,0.26666666666666666,0.0,1.0,0.0,1.0,0.0,0.0,0.0,0.0,0.0,0.26666666666666666,0.4167,0.0,0.0,0.6889,0.0,0.1,30.0,1.0
pattern-0039,2026-01-01T00:00:39+00:00,POST,/comments,10.0.2.11,malicious,xss,synthetic_attack_patterns,block,"[""xss""]",1,1,0.0,0.0,0.0,33.0,0.0040283203125,0.0,0.0,0.0,0.0,0.0,0.4,0.0,0.0,3.0,0.0,0.26666666666666666,0.0,1.0,0.0,1.0,0.0,0.0,0.0,0.0,0.0,0.26666666666666666,0.25,0.0,0.0,0.6889,0.0,0.1,30.0,1.0
pattern-0040,2026-01-01T00:00:40+00:00,POST,/comments,10.0.2.11,malicious,xss,synthetic_attack_patterns,block,"[""xss""]",1,1,0.0,0.0,0.0,21.0,0.0025634765625,0.0,0.0,0.0,0.0,0.0,0.4,0.0,0.0,3.0,0.0,0.26666666666666666,0.0,1.0,0.0,1.0,0.0,0.0,0.0,0.0,0.0,0.26666666666666666,0.4167,0.0,0.0,0.6889,0.0,0.1,30.0,1.0
pattern-0041,2026-01-01T00:00:41+00:00,POST,/comments,10.0.2.11,malicious,xss,synthetic_attack_patterns,block,"[""xss""]",1,1,0.0,0.0,0.0,25.0,0.0030517578125,0.0,0.0,0.0,0.0,0.0,0.4,0.0,0.0,3.0,0.0,0.26666666666666666,0.0,1.0,0.0,1.0,0.0,0.0,0.0,0.0,0.0,0.26666666666666666,0.6667,0.0,1.0,0.6889,0.0,0.1,30.0,1.0
pattern-0042,2026-01-01T00:00:42+00:00,POST,/comments,10.0.2.11,malicious,xss,synthetic_attack_patterns,block,"[""xss""]",1,1,0.0,0.0,0.0,28.0,0.00341796875,0.0,0.0,0.0,0.0,0.0,0.4,0.0,0.0,3.0,0.0,0.26666666666666666,0.0,1.0,0.0,1.0,0.0,0.0,0.0,0.0,0.0,0.26666666666666666,0.4167,0.0,0.0,0.6889,0.0,0.1,30.0,1.0
pattern-0043,2026-01-01T00:00:43+00:00,POST,/comments,10.0.2.11,malicious,xss,synthetic_attack_patterns,block,"[""xss""]",1,1,0.0,0.0,0.0,33.0,0.0040283203125,0.0,0.0,0.0,0.0,0.0,0.4,0.0,0.0,3.0,0.0,0.26666666666666666,0.0,1.0,0.0,1.0,0.0,0.0,0.0,0.0,0.0,0.26666666666666666,0.25,0.0,0.0,0.6889,0.0,0.1,30.0,1.0
pattern-0044,2026-01-01T00:00:44+00:00,POST,/comments,10.0.2.11,malicious,xss,synthetic_attack_patterns,block,"[""xss""]",1,1,0.0,0.0,0.0,21.0,0.0025634765625,0.0,0.0,0.0,0.0,0.0,0.4,0.0,0.0,3.0,0.0,0.26666666666666666,0.0,1.0,0.0,1.0,0.0,0.0,0.0,0.0,0.0,0.26666666666666666,0.4167,0.0,0.0,0.6889,0.0,0.1,30.0,1.0
pattern-0045,2026-01-01T00:00:45+00:00,POST,/comments,10.0.2.11,malicious,xss,synthetic_attack_patterns,block,"[""xss""]",1,1,0.0,0.0,0.0,25.0,0.0030517578125,0.0,0.0,0.0,0.0,0.0,0.4,0.0,0.0,3.0,0.0,0.26666666666666666,0.0,1.0,0.0,1.0,0.0,0.0,0.0,0.0,0.0,0.26666666666666666,0.6667,0.0,1.0,0.6889,0.0,0.1,30.0,1.0
pattern-0046,2026-01-01T00:00:46+00:00,POST,/comments,10.0.2.11,malicious,xss,synthetic_attack_patterns,block,"[""xss""]",1,1,0.0,0.0,0.0,28.0,0.00341796875,0.0,0.0,0.0,0.0,0.0,0.4,0.0,0.0,3.0,0.0,0.26666666666666666,0.0,1.0,0.0,1.0,0.0,0.0,0.0,0.0,0.0,0.26666666666666666,0.4167,0.0,0.0,0.6889,0.0,0.1,30.0,1.0
pattern-0047,2026-01-01T00:00:47+00:00,POST,/comments,10.0.2.11,malicious,xss,synthetic_attack_patterns,block,"[""xss""]",1,1,0.0,0.0,0.0,33.0,0.0040283203125,0.0,0.0,0.0,0.0,0.0,0.4,0.0,0.0,3.0,0.0,0.26666666666666666,0.0,1.0,0.0,1.0,0.0,0.0,0.0,0.0,0.0,0.26666666666666666,0.25,0.0,0.0,0.6889,0.0,0.1,30.0,1.0
pattern-0048,2026-01-01T00:00:48+00:00,POST,/comments,10.0.2.11,malicious,xss,synthetic_attack_patterns,block,"[""xss""]",1,1,0.0,0.0,0.0,21.0,0.0025634765625,0.0,0.0,0.0,0.0,0.0,0.4,0.0,0.0,3.0,0.0,0.26666666666666666,0.0,1.0,0.0,1.0,0.0,0.0,0.0,0.0,0.0,0.26666666666666666,0.4167,0.0,0.0,0.6889,0.0,0.1,30.0,1.0
pattern-0049,2026-01-01T00:00:49+00:00,GET,/download,10.0.3.12,malicious,path_traversal,synthetic_attack_patterns,block,"[""path_traversal"", ""malicious_automation"", ""suspicious_payload""]",1,1,0.0,1.0,1.0,0.0,0.0,0.0,0.0,0.0,0.0,0.0,0.6,0.0,0.0,2.0,0.0,0.3,0.0,0.0,0.0,1.0,0.0,0.0,1.0,21.0,0.175,0.0,0.3333,0.0,2.0,0.7333,1.0,0.1,52.0,0.0
pattern-0050,2026-01-01T00:00:50+00:00,GET,/download,10.0.3.12,malicious,path_traversal,synthetic_attack_patterns,block,"[""malicious_automation"", ""path_traversal""]",0,0,0.0,1.0,1.0,0.0,0.0,0.0,0.0,0.0,0.0,0.0625,0.6,0.0,0.0,2.0,0.0,0.3,0.0,0.0,0.0,1.0,0.0,0.0,0.0,39.0,0.325,0.0,0.4167,0.0,0.0,0.7333,0.0,0.1,70.0,0.0
pattern-0051,2026-01-01T00:00:51+00:00,GET,/download,10.0.3.12,malicious,path_traversal,synthetic_attack_patterns,block,"[""path_traversal"", ""malicious_automation""]",1,1,0.0,1.0,1.0,0.0,0.0,0.0,0.0,0.0,0.0,0.0,0.6,0.0,0.0,2.0,0.0,0.3,0.0,0.0,0.0,1.0,0.0,0.0,1.0,19.0,0.15833333333333333,0.0,0.25,0.0,1.0,0.7333,1.0,0.1,50.0,0.0
pattern-0052,2026-01-01T00:00:52+00:00,GET,/download,10.0.3.12,malicious,path_traversal,synthetic_attack_patterns,block,"[""path_traversal"", ""malicious_automation""]",1,1,0.0,1.0,1.0,0.0,0.0,0.0,0.0,0.0,0.0,0.0811,0.6,0.0,0.0,2.0,0.0,0.3,0.0,0.0,0.0,1.0,0.0,0.0,1.0,28.0,0.23333333333333334,0.0,0.3333,0.0,0.0,0.7333,1.0,0.1,59.0,0.0
pattern-0053,2026-01-01T00:00:53+00:00,GET,/download,10.0.3.12,malicious,path_traversal,synthetic_attack_patterns,block,"[""path_traversal"", ""malicious_automation"", ""suspicious_payload""]",1,1,0.0,1.0,1.0,0.0,0.0,0.0,0.0,0.0,0.0,0.0,0.6,0.0,0.0,2.0,0.0,0.3,0.0,0.0,0.0,1.0,0.0,0.0,1.0,21.0,0.175,0.0,0.3333,0.0,2.0,0.7333,1.0,0.1,52.0,0.0
pattern-0054,2026-01-01T00:00:54+00:00,GET,/download,10.0.3.12,malicious,path_traversal,synthetic_attack_patterns,block,"[""malicious_automation"", ""path_traversal""]",0,0,0.0,1.0,1.0,0.0,0.0,0.0,0.0,0.0,0.0,0.0625,0.6,0.0,0.0,2.0,0.0,0.3,0.0,0.0,0.0,1.0,0.0,0.0,0.0,39.0,0.325,0.0,0.4167,0.0,0.0,0.7333,0.0,0.1,70.0,0.0
pattern-0055,2026-01-01T00:00:55+00:00,GET,/download,10.0.3.12,malicious,path_traversal,synthetic_attack_patterns,block,"[""path_traversal"", ""malicious_automation""]",1,1,0.0,1.0,1.0,0.0,0.0,0.0,0.0,0.0,0.0,0.0,0.6,0.0,0.0,2.0,0.0,0.3,0.0,0.0,0.0,1.0,0.0,0.0,1.0,19.0,0.15833333333333333,0.0,0.25,0.0,1.0,0.7333,1.0,0.1,50.0,0.0
pattern-0056,2026-01-01T00:00:56+00:00,GET,/download,10.0.3.12,malicious,path_traversal,synthetic_attack_patterns,block,"[""path_traversal"", ""malicious_automation""]",1,1,0.0,1.0,1.0,0.0,0.0,0.0,0.0,0.0,0.0,0.0811,0.6,0.0,0.0,2.0,0.0,0.3,0.0,0.0,0.0,1.0,0.0,0.0,1.0,28.0,0.23333333333333334,0.0,0.3333,0.0,0.0,0.7333,1.0,0.1,59.0,0.0
pattern-0057,2026-01-01T00:00:57+00:00,GET,/download,10.0.3.12,malicious,path_traversal,synthetic_attack_patterns,block,"[""path_traversal"", ""malicious_automation"", ""suspicious_payload""]",1,1,0.0,1.0,1.0,0.0,0.0,0.0,0.0,0.0,0.0,0.0,0.6,0.0,0.0,2.0,0.0,0.3,0.0,0.0,0.0,1.0,0.0,0.0,1.0,21.0,0.175,0.0,0.3333,0.0,2.0,0.7333,1.0,0.1,52.0,0.0
pattern-0058,2026-01-01T00:00:58+00:00,GET,/download,10.0.3.12,malicious,path_traversal,synthetic_attack_patterns,block,"[""malicious_automation"", ""path_traversal""]",0,0,0.0,1.0,1.0,0.0,0.0,0.0,0.0,0.0,0.0,0.0625,0.6,0.0,0.0,2.0,0.0,0.3,0.0,0.0,0.0,1.0,0.0,0.0,0.0,39.0,0.325,0.0,0.4167,0.0,0.0,0.7333,0.0,0.1,70.0,0.0
pattern-0059,2026-01-01T00:00:59+00:00,GET,/download,10.0.3.12,malicious,path_traversal,synthetic_attack_patterns,block,"[""path_traversal"", ""malicious_automation""]",1,1,0.0,1.0,1.0,0.0,0.0,0.0,0.0,0.0,0.0,0.0,0.6,0.0,0.0,2.0,0.0,0.3,0.0,0.0,0.0,1.0,0.0,0.0,1.0,19.0,0.15833333333333333,0.0,0.25,0.0,1.0,0.7333,1.0,0.1,50.0,0.0
pattern-0060,2026-01-01T00:01:00+00:00,GET,/download,10.0.3.12,malicious,path_traversal,synthetic_attack_patterns,block,"[""path_traversal"", ""malicious_automation""]",1,1,0.0,1.0,1.0,0.0,0.0,0.0,0.0,0.0,0.0,0.0811,0.6,0.0,0.0,2.0,0.0,0.3,0.0,0.0,0.0,1.0,0.0,0.0,1.0,28.0,0.23333333333333334,0.0,0.3333,0.0,0.0,0.7333,1.0,0.1,59.0,0.0
pattern-0061,2026-01-01T00:01:01+00:00,POST,/tools/ping,10.0.4.13,malicious,command_injection,synthetic_attack_patterns,block,"[""path_traversal"", ""command_injection"", ""suspicious_payload""]",1,1,0.0,0.0,1.0,19.0,0.0023193359375,0.0,1.0,0.0,0.0,0.0,0.6,1.0,0.0,3.0,0.0,0.23333333333333334,0.0,1.0,0.0,2.0,0.0,0.0,0.0,0.0,0.0,0.0,0.3333,0.0,2.0,0.7556,1.0,0.1,32.0,0.0
pattern-0062,2026-01-01T00:01:02+00:00,POST,/tools/ping,10.0.4.13,malicious,command_injection,synthetic_attack_patterns,block,"[""command_injection""]",1,1,0.0,0.0,1.0,19.0,0.0023193359375,0.0,1.0,0.0,0.0,0.0,0.6,1.0,0.0,3.0,0.0,0.23333333333333334,0.0,1.0,0.0,2.0,0.0,0.0,0.0,0.0,0.0,0.0,0.3333,0.0,0.0,0.7556,0.0,0.1,32.0,0.0
pattern-0063,2026-01-01T00:01:03+00:00,POST,/tools/ping,10.0.4.13,malicious,command_injection,synthetic_attack_patterns,block,"[""command_injection""]",0,0,0.0,0.0,1.0,28.0,0.00341796875,0.0,0.0,0.0,0.0,0.0,0.6,1.0,0.0,3.0,0.0,0.23333333333333334,0.0,1.0,0.0,2.0,0.0,0.0,0.0,0.0,0.0,0.0,0.25,0.0,0.0,0.7556,0.0,0.1,32.0,0.0
pattern-0064,2026-01-01T00:01:04+00:00,POST,/tools/ping,10.0.4.13,malicious,command_injection,synthetic_attack_patterns,block,"[""command_injection""]",1,1,0.0,0.0,1.0,39.0,0.0047607421875,0.0,1.0,0.0,0.0,0.0,0.6,1.0,0.0,3.0,0.0,0.23333333333333334,0.0,1.0,0.0,2.0,0.0,0.0,0.0,0.0,0.0,0.0,0.3333,0.0,0.0,0.7556,0.0,0.1,32.0,0.0
pattern-0065,2026-01-01T00:01:05+00:00,POST,/tools/ping,10.0.4.13,malicious,command_injection,synthetic_attack_patterns,block,"[""path_traversal"", ""command_injection"", ""suspicious_payload""]",1,1,0.0,0.0,1.0,19.0,0.0023193359375,0.0,1.0,0.0,0.0,0.0,0.6,1.0,0.0,3.0,0.0,0.23333333333333334,0.0,1.0,0.0,2.0,0.0,0.0,0.0,0.0,0.0,0.0,0.3333,0.0,2.0,0.7556,1.0,0.1,32.0,0.0
pattern-0066,2026-01-01T00:01:06+00:00,POST,/tools/ping,10.0.4.13,malicious,command_injection,synthetic_attack_patterns,block,"[""command_injection""]",1,1,0.0,0.0,1.0,19.0,0.0023193359375,0.0,1.0,0.0,0.0,0.0,0.6,1.0,0.0,3.0,0.0,0.23333333333333334,0.0,1.0,0.0,2.0,0.0,0.0,0.0,0.0,0.0,0.0,0.3333,0.0,0.0,0.7556,0.0,0.1,32.0,0.0
pattern-0067,2026-01-01T00:01:07+00:00,POST,/tools/ping,10.0.4.13,malicious,command_injection,synthetic_attack_patterns,block,"[""command_injection""]",0,0,0.0,0.0,1.0,28.0,0.00341796875,0.0,0.0,0.0,0.0,0.0,0.6,1.0,0.0,3.0,0.0,0.23333333333333334,0.0,1.0,0.0,2.0,0.0,0.0,0.0,0.0,0.0,0.0,0.25,0.0,0.0,0.7556,0.0,0.1,32.0,0.0
pattern-0068,2026-01-01T00:01:08+00:00,POST,/tools/ping,10.0.4.13,malicious,command_injection,synthetic_attack_patterns,block,"[""command_injection""]",1,1,0.0,0.0,1.0,39.0,0.0047607421875,0.0,1.0,0.0,0.0,0.0,0.6,1.0,0.0,3.0,0.0,0.23333333333333334,0.0,1.0,0.0,2.0,0.0,0.0,0.0,0.0,0.0,0.0,0.3333,0.0,0.0,0.7556,0.0,0.1,32.0,0.0
pattern-0069,2026-01-01T00:01:09+00:00,POST,/tools/ping,10.0.4.13,malicious,command_injection,synthetic_attack_patterns,block,"[""path_traversal"", ""command_injection"", ""suspicious_payload""]",1,1,0.0,0.0,1.0,19.0,0.0023193359375,0.0,1.0,0.0,0.0,0.0,0.6,1.0,0.0,3.0,0.0,0.23333333333333334,0.0,1.0,0.0,2.0,0.0,0.0,0.0,0.0,0.0,0.0,0.3333,0.0,2.0,0.7556,1.0,0.1,32.0,0.0
pattern-0070,2026-01-01T00:01:10+00:00,POST,/tools/ping,10.0.4.13,malicious,command_injection,synthetic_attack_patterns,block,"[""command_injection""]",1,1,0.0,0.0,1.0,19.0,0.0023193359375,0.0,1.0,0.0,0.0,0.0,0.6,1.0,0.0,3.0,0.0,0.23333333333333334,0.0,1.0,0.0,2.0,0.0,0.0,0.0,0.0,0.0,0.0,0.3333,0.0,0.0,0.7556,0.0,0.1,32.0,0.0
pattern-0071,2026-01-01T00:01:11+00:00,POST,/tools/ping,10.0.4.13,malicious,command_injection,synthetic_attack_patterns,block,"[""command_injection""]",0,0,0.0,0.0,1.0,28.0,0.00341796875,0.0,0.0,0.0,0.0,0.0,0.6,1.0,0.0,3.0,0.0,0.23333333333333334,0.0,1.0,0.0,2.0,0.0,0.0,0.0,0.0,0.0,0.0,0.25,0.0,0.0,0.7556,0.0,0.1,32.0,0.0
pattern-0072,2026-01-01T00:01:12+00:00,POST,/tools/ping,10.0.4.13,malicious,command_injection,synthetic_attack_patterns,block,"[""command_injection""]",1,1,0.0,0.0,1.0,39.0,0.0047607421875,0.0,1.0,0.0,0.0,0.0,0.6,1.0,0.0,3.0,0.0,0.23333333333333334,0.0,1.0,0.0,2.0,0.0,0.0,0.0,0.0,0.0,0.0,0.3333,0.0,0.0,0.7556,0.0,0.1,32.0,0.0
pattern-0073,2026-01-01T00:01:13+00:00,GET,/api/search,10.0.5.14,malicious,ddos,synthetic_attack_patterns,block,"[""ddos"", ""malicious_automation""]",1,1,0.0,1.0,1.0,0.0,0.0,0.0,0.0,0.0,1.0,0.0,1.0,0.0,0.0,2.0,0.0,1.3333333333333333,0.0,0.0,0.0,2.0,0.0,0.0,0.0,7.0,0.058333333333333334,0.0,0.1667,0.0,0.0,0.9333,0.0,0.6,40.0,0.0
pattern-0074,2026-01-01T00:01:14+00:00,GET,/api/search,10.0.5.14,malicious,ddos,synthetic_attack_patterns,block,"[""ddos"", ""malicious_automation""]",0,0,0.0,1.0,1.0,0.0,0.0,0.0,0.0,0.0,1.0,0.0,1.0,0.0,0.0,2.0,0.0,1.3666666666666667,0.0,0.0,0.0,2.0,0.0,0.0,0.0,7.0,0.058333333333333334,0.0,0.1667,0.0,0.0,0.9367,0.0,0.65,40.0,0.0
pattern-0075,2026-01-01T00:01:15+00:00,GET,/api/search,10.0.5.14,malicious,ddos,synthetic_attack_patterns,block,"[""ddos"", ""malicious_automation""]",0,0,0.0,1.0,1.0,0.0,0.0,0.0,0.0,0.0,1.0,0.0,1.0,0.0,0.0,2.0,0.0,1.4,0.0,0.0,0.0,2.0,0.0,0.0,0.0,7.0,0.058333333333333334,0.0,0.1667,0.0,0.0,0.94,0.0,0.7,40.0,0.0
pattern-0076,2026-01-01T00:01:16+00:00,GET,/api/search,10.0.5.14,malicious,ddos,synthetic_attack_patterns,block,"[""ddos"", ""malicious_automation""]",1,1,0.0,1.0,1.0,0.0,0.0,0.0,0.0,0.0,1.0,0.0,1.0,0.0,0.0,2.0,0.0,1.4333333333333333,0.0,0.0,0.0,2.0,0.0,0.0,0.0,7.0,0.058333333333333334,0.0,0.1667,0.0,0.0,0.9433,0.0,0.6,40.0,0.0
pattern-0077,2026-01-01T00:01:17+00:00,GET,/api/search,10.0.5.14,malicious,ddos,synthetic_attack_patterns,block,"[""ddos"", ""malicious_automation""]",0,0,0.0,1.0,1.0,0.0,0.0,0.0,0.0,0.0,1.0,0.0,1.0,0.0,0.0,2.0,0.0,1.4666666666666666,0.0,0.0,0.0,2.0,0.0,0.0,0.0,7.0,0.058333333333333334,0.0,0.1667,0.0,0.0,0.9467,0.0,0.65,40.0,0.0
pattern-0078,2026-01-01T00:01:18+00:00,GET,/api/search,10.0.5.14,malicious,ddos,synthetic_attack_patterns,block,"[""ddos"", ""malicious_automation""]",0,0,0.0,1.0,1.0,0.0,0.0,0.0,0.0,0.0,1.0,0.0,1.0,0.0,0.0,2.0,0.0,1.5,0.0,0.0,0.0,2.0,0.0,0.0,0.0,7.0,0.058333333333333334,0.0,0.1667,0.0,0.0,0.95,0.0,0.7,40.0,0.0
pattern-0079,2026-01-01T00:01:19+00:00,GET,/api/search,10.0.5.14,malicious,ddos,synthetic_attack_patterns,block,"[""ddos"", ""malicious_automation""]",1,1,0.0,1.0,1.0,0.0,0.0,0.0,0.0,0.0,1.0,0.0,1.0,0.0,0.0,2.0,0.0,1.5333333333333334,0.0,0.0,0.0,2.0,0.0,0.0,0.0,7.0,0.058333333333333334,0.0,0.1667,0.0,0.0,0.9533,0.0,0.6,40.0,0.0
pattern-0080,2026-01-01T00:01:20+00:00,GET,/api/search,10.0.5.14,malicious,ddos,synthetic_attack_patterns,block,"[""ddos"", ""malicious_automation""]",0,0,0.0,1.0,1.0,0.0,0.0,0.0,0.0,0.0,1.0,0.0,1.0,0.0,0.0,2.0,0.0,1.5666666666666667,0.0,0.0,0.0,2.0,0.0,0.0,0.0,7.0,0.058333333333333334,0.0,0.1667,0.0,0.0,0.9567,0.0,0.65,40.0,0.0
pattern-0081,2026-01-01T00:01:21+00:00,GET,/api/search,10.0.5.14,malicious,ddos,synthetic_attack_patterns,block,"[""ddos"", ""malicious_automation""]",0,0,0.0,1.0,1.0,0.0,0.0,0.0,0.0,0.0,1.0,0.0,1.0,0.0,0.0,2.0,0.0,1.6,0.0,0.0,0.0,2.0,0.0,0.0,0.0,7.0,0.058333333333333334,0.0,0.1667,0.0,0.0,0.96,0.0,0.7,40.0,0.0
pattern-0082,2026-01-01T00:01:22+00:00,GET,/api/search,10.0.5.14,malicious,ddos,synthetic_attack_patterns,block,"[""ddos"", ""malicious_automation""]",1,1,0.0,1.0,1.0,0.0,0.0,0.0,0.0,0.0,1.0,0.0,1.0,0.0,0.0,2.0,0.0,1.6333333333333333,0.0,0.0,0.0,2.0,0.0,0.0,0.0,7.0,0.058333333333333334,0.0,0.1667,0.0,0.0,0.9633,0.0,0.6,40.0,0.0
pattern-0083,2026-01-01T00:01:23+00:00,GET,/api/search,10.0.5.14,malicious,ddos,synthetic_attack_patterns,block,"[""ddos"", ""malicious_automation""]",0,0,0.0,1.0,1.0,0.0,0.0,0.0,0.0,0.0,1.0,0.0,1.0,0.0,0.0,2.0,0.0,1.6666666666666667,0.0,0.0,0.0,2.0,0.0,0.0,0.0,8.0,0.06666666666666667,0.0,0.1667,0.0,0.0,0.9667,0.0,0.65,41.0,0.0
pattern-0084,2026-01-01T00:01:24+00:00,GET,/api/search,10.0.5.14,malicious,ddos,synthetic_attack_patterns,block,"[""ddos"", ""malicious_automation""]",0,0,0.0,1.0,1.0,0.0,0.0,0.0,0.0,0.0,1.0,0.0,1.0,0.0,0.0,2.0,0.0,1.7,0.0,0.0,0.0,2.0,0.0,0.0,0.0,8.0,0.06666666666666667,0.0,0.1667,0.0,0.0,0.97,0.0,0.7,41.0,0.0
pattern-0085,2026-01-01T00:01:25+00:00,POST,/admin/login,10.0.6.15,malicious,brute_force,synthetic_attack_patterns,block,"[""ddos"", ""brute_force"", ""malicious_automation"", ""reconnaissance""]",1,1,1.0,1.0,1.0,30.0,0.003662109375,1.0,0.0,0.0,1.0,0.0,1.0,1.0,0.0,3.0,0.0,0.3333333333333333,1.0,1.0,0.0,2.0,0.0,0.0,0.0,0.0,0.0,0.3333333333333333,0.25,0.0,0.0,0.8222,0.0,0.1,33.0,0.0
pattern-0086,2026-01-01T00:01:26+00:00,POST,/admin/login,10.0.6.15,malicious,brute_force,synthetic_attack_patterns,block,"[""brute_force"", ""malicious_automation"", ""reconnaissance""]",1,1,1.0,1.0,1.0,30.0,0.003662109375,1.0,0.0,0.0,0.0,0.0,1.0,1.0,0.0,3.0,0.0,0.36666666666666664,1.0,1.0,0.0,2.0,0.0,0.0,0.0,0.0,0.0,0.4,0.25,0.0,0.0,0.83,0.0,0.1,33.0,0.0
pattern-0087,2026-01-01T00:01:27+00:00,POST,/admin/login,10.0.6.15,malicious,brute_force,synthetic_attack_patterns,block,"[""brute_force"", ""malicious_automation"", ""reconnaissance""]",1,1,1.0,1.0,1.0,30.0,0.003662109375,1.0,0.0,0.0,0.0,0.0,1.0,1.0,0.0,3.0,0.0,0.4,1.0,1.0,0.0,2.0,0.0,0.0,0.0,0.0,0.0,0.4666666666666667,0.25,0.0,0.0,0.8378,0.0,0.1,33.0,0.0
pattern-0088,2026-01-01T00:01:28+00:00,POST,/admin/login,10.0.6.15,malicious,brute_force,synthetic_attack_patterns,block,"[""brute_force"", ""malicious_automation"", ""reconnaissance""]",1,1,1.0,1.0,1.0,30.0,0.003662109375,1.0,0.0,0.0,0.0,0.0,1.0,1.0,0.0,3.0,0.0,0.43333333333333335,1.0,1.0,0.0,2.0,0.0,0.0,0.0,0.0,0.0,0.5333333333333333,0.25,0.0,0.0,0.8456,0.0,0.1,33.0,0.0
pattern-0089,2026-01-01T00:01:29+00:00,POST,/admin/login,10.0.6.15,malicious,brute_force,synthetic_attack_patterns,block,"[""ddos"", ""brute_force"", ""malicious_automation"", ""reconnaissance""]",1,1,1.0,1.0,1.0,30.0,0.003662109375,1.0,0.0,0.0,1.0,0.0,1.0,1.0,0.0,3.0,0.0,0.4666666666666667,1.0,1.0,0.0,2.0,0.0,0.0,0.0,0.0,0.0,0.6,0.25,0.0,0.0,0.8533,0.0,0.1,33.0,0.0
pattern-0090,2026-01-01T00:01:30+00:00,POST,/admin/login,10.0.6.15,malicious,brute_force,synthetic_attack_patterns,block,"[""brute_force"", ""malicious_automation"", ""reconnaissance""]",1,1,1.0,1.0,1.0,30.0,0.003662109375,1.0,0.0,0.0,0.0,0.0,1.0,1.0,0.0,3.0,0.0,0.5,1.0,1.0,0.0,2.0,0.0,0.0,0.0,0.0,0.0,0.6666666666666666,0.25,0.0,0.0,0.8611,0.0,0.1,33.0,0.0
pattern-0091,2026-01-01T00:01:31+00:00,POST,/admin/login,10.0.6.15,malicious,brute_force,synthetic_attack_patterns,block,"[""brute_force"", ""malicious_automation"", ""reconnaissance""]",1,1,1.0,1.0,1.0,30.0,0.003662109375,1.0,0.0,0.0,0.0,0.0,1.0,1.0,0.0,3.0,0.0,0.5333333333333333,1.0,1.0,0.0,2.0,0.0,0.0,0.0,0.0,0.0,0.7333333333333333,0.25,0.0,0.0,0.8689,0.0,0.1,33.0,0.0
pattern-0092,2026-01-01T00:01:32+00:00,POST,/admin/login,10.0.6.15,malicious,brute_force,synthetic_attack_patterns,block,"[""brute_force"", ""malicious_automation"", ""reconnaissance""]",1,1,1.0,1.0,1.0,30.0,0.003662109375,1.0,0.0,0.0,0.0,0.0,1.0,1.0,0.0,3.0,0.0,0.5666666666666667,1.0,1.0,0.0,2.0,0.0,0.0,0.0,0.0,0.0,0.8,0.25,0.0,0.0,0.8767,0.0,0.1,33.0,0.0
pattern-0093,2026-01-01T00:01:33+00:00,POST,/admin/login,10.0.6.15,malicious,brute_force,synthetic_attack_patterns,block,"[""ddos"", ""brute_force"", ""malicious_automation"", ""reconnaissance""]",1,1,1.0,1.0,1.0,30.0,0.003662109375,1.0,0.0,0.0,1.0,0.0,1.0,1.0,0.0,3.0,0.0,0.6,1.0,1.0,0.0,2.0,0.0,0.0,0.0,0.0,0.0,0.8666666666666667,0.25,0.0,0.0,0.8844,0.0,0.1,33.0,0.0
pattern-0094,2026-01-01T00:01:34+00:00,POST,/admin/login,10.0.6.15,malicious,brute_force,synthetic_attack_patterns,block,"[""brute_force"", ""malicious_automation"", ""reconnaissance""]",1,1,1.0,1.0,1.0,30.0,0.003662109375,1.0,0.0,0.0,0.0,0.0,1.0,1.0,0.0,3.0,0.0,0.6333333333333333,1.0,1.0,0.0,2.0,0.0,0.0,0.0,0.0,0.0,0.9333333333333333,0.25,0.0,0.0,0.8922,0.0,0.1,33.0,0.0
pattern-0095,2026-01-01T00:01:35+00:00,POST,/admin/login,10.0.6.15,malicious,brute_force,synthetic_attack_patterns,block,"[""brute_force"", ""malicious_automation"", ""reconnaissance""]",1,1,1.0,1.0,1.0,31.0,0.0037841796875,1.0,0.0,0.0,0.0,0.0,1.0,1.0,0.0,3.0,0.0,0.6666666666666666,1.0,1.0,0.0,2.0,0.0,0.0,0.0,0.0,0.0,1.0,0.25,0.0,0.0,0.9,0.0,0.1,33.0,0.0
pattern-0096,2026-01-01T00:01:36+00:00,POST,/admin/login,10.0.6.15,malicious,brute_force,synthetic_attack_patterns,block,"[""brute_force"", ""malicious_automation"", ""reconnaissance""]",1,1,1.0,1.0,1.0,31.0,0.0037841796875,1.0,0.0,0.0,0.0,0.0,1.0,1.0,0.0,3.0,0.0,0.7,1.0,1.0,0.0,2.0,0.0,0.0,0.0,0.0,0.0,1.0666666666666667,0.25,0.0,0.0,0.9078,0.0,0.1,33.0,0.0
pattern-0097,2026-01-01T00:01:37+00:00,GET,/admin,10.0.7.16,malicious,reconnaissance,synthetic_attack_patterns,monitor,"[""malicious_automation"", ""reconnaissance""]",0,0,1.0,1.0,1.0,0.0,0.0,0.0,0.0,0.0,0.0,0.0,0.6,0.0,0.0,2.0,0.0,2.0,0.0,0.0,0.0,1.0,1.0,0.0,0.0,0.0,0.0,0.0,0.0833,0.0,0.0,0.6444,0.0,0.75,27.0,0.0
pattern-0098,2026-01-01T00:01:38+00:00,GET,/wp-admin,10.0.7.16,malicious,reconnaissance,synthetic_attack_patterns,monitor,"[""malicious_automation"", ""reconnaissance""]",0,0,1.0,1.0,1.0,0.0,0.0,0.0,0.0,0.0,0.0,0.0,0.6,0.0,0.0,2.0,0.0,2.0,0.0,0.0,0.0,1.0,1.0,0.0,0.0,0.0,0.0,0.0,0.0833,0.0,0.0,0.6444,0.0,0.75,30.0,0.0
pattern-0099,2026-01-01T00:01:39+00:00,GET,/config,10.0.7.16,malicious,reconnaissance,synthetic_attack_patterns,monitor,"[""malicious_automation"", ""reconnaissance""]",0,0,1.0,1.0,1.0,0.0,0.0,0.0,0.0,0.0,0.0,0.0,0.6,0.0,0.0,2.0,0.0,2.0,0.0,0.0,0.0,1.0,1.0,0.0,0.0,0.0,0.0,0.0,0.0833,0.0,0.0,0.6444,0.0,0.75,28.0,0.0
pattern-0100,2026-01-01T00:01:40+00:00,GET,/phpmyadmin,10.0.7.16,malicious,reconnaissance,synthetic_attack_patterns,monitor,"[""malicious_automation"", ""reconnaissance""]",0,0,1.0,1.0,1.0,0.0,0.0,0.0,0.0,0.0,0.0,0.0,0.6,0.0,0.0,2.0,0.0,2.0,0.0,0.0,0.0,1.0,1.0,0.0,0.0,0.0,0.0,0.0,0.0833,0.0,0.0,0.6444,0.0,0.75,32.0,0.0
pattern-0101,2026-01-01T00:01:41+00:00,GET,/backup,10.0.7.16,malicious,reconnaissance,synthetic_attack_patterns,monitor,"[""malicious_automation"", ""reconnaissance""]",0,0,0.0,1.0,1.0,0.0,0.0,0.0,0.0,0.0,0.0,0.0,0.6,0.0,0.0,2.0,0.0,2.0,0.0,0.0,0.0,1.0,1.0,0.0,0.0,0.0,0.0,0.0,0.0833,0.0,0.0,0.6444,0.0,0.75,28.0,0.0
pattern-0102,2026-01-01T00:01:42+00:00,GET,/admin,10.0.7.16,malicious,reconnaissance,synthetic_attack_patterns,monitor,"[""malicious_automation"", ""reconnaissance""]",0,0,1.0,1.0,1.0,0.0,0.0,0.0,0.0,0.0,0.0,0.0,0.6,0.0,0.0,2.0,0.0,2.0,0.0,0.0,0.0,1.0,1.0,0.0,0.0,0.0,0.0,0.0,0.0833,0.0,0.0,0.6444,0.0,0.8,27.0,0.0
pattern-0103,2026-01-01T00:01:43+00:00,GET,/wp-admin,10.0.7.16,malicious,reconnaissance,synthetic_attack_patterns,monitor,"[""malicious_automation"", ""reconnaissance""]",0,0,1.0,1.0,1.0,0.0,0.0,0.0,0.0,0.0,0.0,0.0,0.6,0.0,0.0,2.0,0.0,2.0,0.0,0.0,0.0,1.0,1.0,0.0,0.0,0.0,0.0,0.0,0.0833,0.0,0.0,0.6444,0.0,0.8,30.0,0.0
pattern-0104,2026-01-01T00:01:44+00:00,GET,/config,10.0.7.16,malicious,reconnaissance,synthetic_attack_patterns,monitor,"[""malicious_automation"", ""reconnaissance""]",0,0,1.0,1.0,1.0,0.0,0.0,0.0,0.0,0.0,0.0,0.0,0.6,0.0,0.0,2.0,0.0,2.0,0.0,0.0,0.0,1.0,1.0,0.0,0.0,0.0,0.0,0.0,0.0833,0.0,0.0,0.6444,0.0,0.8,28.0,0.0
pattern-0105,2026-01-01T00:01:45+00:00,GET,/phpmyadmin,10.0.7.16,malicious,reconnaissance,synthetic_attack_patterns,monitor,"[""malicious_automation"", ""reconnaissance""]",0,0,1.0,1.0,1.0,0.0,0.0,0.0,0.0,0.0,0.0,0.0,0.6,0.0,0.0,2.0,0.0,2.0,0.0,0.0,0.0,1.0,1.0,0.0,0.0,0.0,0.0,0.0,0.0833,0.0,0.0,0.6444,0.0,0.8,32.0,0.0
pattern-0106,2026-01-01T00:01:46+00:00,GET,/backup,10.0.7.16,malicious,reconnaissance,synthetic_attack_patterns,monitor,"[""malicious_automation"", ""reconnaissance""]",0,0,0.0,1.0,1.0,0.0,0.0,0.0,0.0,0.0,0.0,0.0,0.6,0.0,0.0,2.0,0.0,2.0,0.0,0.0,0.0,1.0,1.0,0.0,0.0,0.0,0.0,0.0,0.0833,0.0,0.0,0.6444,0.0,0.8,28.0,0.0
pattern-0107,2026-01-01T00:01:47+00:00,GET,/api/export,10.0.8.17,malicious,automation_abuse,synthetic_attack_patterns,monitor,"[""malicious_automation"", ""automation_abuse""]",0,0,0.0,1.0,1.0,0.0,0.0,0.0,0.0,0.0,0.0,0.0,0.8,0.0,0.0,2.0,0.0,0.5,0.0,0.0,0.0,2.0,1.0,0.0,0.0,7.0,0.058333333333333334,0.0,0.1667,0.0,0.0,0.8,0.0,0.25,40.0,0.0
pattern-0108,2026-01-01T00:01:48+00:00,GET,/admin/health,10.0.8.17,malicious,automation_abuse,synthetic_attack_patterns,monitor,"[""malicious_automation"", ""reconnaissance"", ""automation_abuse""]",0,0,1.0,1.0,1.0,0.0,0.0,0.0,0.0,0.0,0.0,0.0,0.8,0.0,0.0,2.0,0.0,0.5333333333333333,0.0,0.0,0.0,2.0,0.0,0.0,0.0,7.0,0.058333333333333334,0.0,0.1667,0.0,0.0,0.8,0.0,0.3,42.0,0.0
pattern-0109,2026-01-01T00:01:49+00:00,GET,/api/export,10.0.8.17,malicious,automation_abuse,synthetic_attack_patterns,monitor,"[""malicious_automation"", ""automation_abuse""]",0,0,0.0,1.0,1.0,0.0,0.0,0.0,0.0,0.0,0.0,0.0,0.8,0.0,0.0,2.0,0.0,0.5666666666666667,0.0,0.0,0.0,2.0,0.0,0.0,0.0,7.0,0.058333333333333334,0.0,0.1667,0.0,0.0,0.8,0.0,0.35,40.0,0.0
pattern-0110,2026-01-01T00:01:50+00:00,GET,/admin/health,10.0.8.17,malicious,automation_abuse,synthetic_attack_patterns,monitor,"[""malicious_automation"", ""reconnaissance"", ""automation_abuse""]",0,0,1.0,1.0,1.0,0.0,0.0,0.0,0.0,0.0,0.0,0.0,0.8,0.0,0.0,2.0,0.0,0.6,0.0,0.0,0.0,2.0,1.0,0.0,0.0,7.0,0.058333333333333334,0.0,0.1667,0.0,0.0,0.8,0.0,0.4,42.0,0.0
pattern-0111,2026-01-01T00:01:51+00:00,GET,/api/export,10.0.8.17,malicious,automation_abuse,synthetic_attack_patterns,monitor,"[""malicious_automation"", ""automation_abuse""]",0,0,0.0,1.0,1.0,0.0,0.0,0.0,0.0,0.0,0.0,0.0,0.8,0.0,0.0,2.0,0.0,0.6333333333333333,0.0,0.0,0.0,2.0,0.0,0.0,0.0,7.0,0.058333333333333334,0.0,0.1667,0.0,0.0,0.8,0.0,0.45,40.0,0.0
pattern-0112,2026-01-01T00:01:52+00:00,GET,/admin/health,10.0.8.17,malicious,automation_abuse,synthetic_attack_patterns,monitor,"[""malicious_automation"", ""reconnaissance"", ""automation_abuse""]",0,0,1.0,1.0,1.0,0.0,0.0,0.0,0.0,0.0,0.0,0.0,0.8,0.0,0.0,2.0,0.0,0.6666666666666666,0.0,0.0,0.0,2.0,0.0,0.0,0.0,7.0,0.058333333333333334,0.0,0.1667,0.0,0.0,0.8,0.0,0.5,42.0,0.0
pattern-0113,2026-01-01T00:01:53+00:00,GET,/api/export,10.0.8.17,malicious,automation_abuse,synthetic_attack_patterns,monitor,"[""malicious_automation"", ""automation_abuse""]",0,0,0.0,1.0,1.0,0.0,0.0,0.0,0.0,0.0,0.0,0.0,0.8,0.0,0.0,2.0,0.0,0.7,0.0,0.0,0.0,2.0,1.0,0.0,0.0,7.0,0.058333333333333334,0.0,0.1667,0.0,0.0,0.8,0.0,0.55,40.0,0.0
pattern-0114,2026-01-01T00:01:54+00:00,GET,/admin/health,10.0.8.17,malicious,automation_abuse,synthetic_attack_patterns,monitor,"[""malicious_automation"", ""reconnaissance"", ""automation_abuse""]",0,0,1.0,1.0,1.0,0.0,0.0,0.0,0.0,0.0,0.0,0.0,0.8,0.0,0.0,2.0,0.0,0.7333333333333333,0.0,0.0,0.0,2.0,0.0,0.0,0.0,7.0,0.058333333333333334,0.0,0.1667,0.0,0.0,0.8,0.0,0.6,42.0,0.0
pattern-0115,2026-01-01T00:01:55+00:00,GET,/api/export,10.0.8.17,malicious,automation_abuse,synthetic_attack_patterns,monitor,"[""malicious_automation"", ""automation_abuse""]",0,0,0.0,1.0,1.0,0.0,0.0,0.0,0.0,0.0,0.0,0.0,0.8,0.0,0.0,2.0,0.0,0.7666666666666667,0.0,0.0,0.0,2.0,0.0,0.0,0.0,7.0,0.058333333333333334,0.0,0.1667,0.0,0.0,0.8,0.0,0.65,40.0,0.0
pattern-0116,2026-01-01T00:01:56+00:00,GET,/admin/health,10.0.8.17,malicious,automation_abuse,synthetic_attack_patterns,monitor,"[""malicious_automation"", ""reconnaissance"", ""automation_abuse""]",0,0,1.0,1.0,1.0,0.0,0.0,0.0,0.0,0.0,0.0,0.0,0.8,0.0,0.0,2.0,0.0,0.8,0.0,0.0,0.0,2.0,1.0,0.0,0.0,7.0,0.058333333333333334,0.0,0.1667,0.0,0.0,0.8,0.0,0.7,42.0,0.0
pattern-0117,2026-01-01T00:01:57+00:00,GET,/search,10.0.9.18,malicious,payload_evasion,synthetic_attack_patterns,block,"[""payload_evasion""]",0,0,0.0,0.0,0.0,0.0,0.0,0.0,0.0,0.0,0.0,0.1458,0.4,0.0,0.0,2.0,0.0,0.36666666666666664,0.0,0.0,0.0,1.0,0.0,1.0,1.0,41.0,0.3416666666666667,0.0,0.6667,0.0,0.0,0.7778,0.0,0.2,70.0,0.0
pattern-0118,2026-01-01T00:01:58+00:00,GET,/search,10.0.9.18,malicious,payload_evasion,synthetic_attack_patterns,block,"[""payload_evasion""]",0,0,0.0,0.0,0.0,0.0,0.0,0.0,0.0,0.0,0.0,0.0976,0.4,0.0,0.0,2.0,0.0,0.36666666666666664,0.0,0.0,0.0,1.0,0.0,1.0,1.0,34.0,0.2833333333333333,0.0,0.4167,0.0,0.0,0.7778,0.0,0.2,63.0,0.0
pattern-0119,2026-01-01T00:01:59+00:00,GET,/search,10.0.9.18,malicious,payload_evasion,synthetic_attack_patterns,block,"[""payload_evasion""]",0,0,0.0,0.0,0.0,0.0,0.0,0.0,0.0,0.0,0.0,0.1667,0.4,0.0,0.0,2.0,0.0,0.36666666666666664,0.0,0.0,0.0,1.0,0.0,1.0,1.0,65.0,0.5416666666666666,0.0,1.0833,0.0,0.0,0.7778,0.0,0.2,94.0,0.0
pattern-0120,2026-01-01T00:02:00+00:00,GET,/search,10.0.9.18,malicious,payload_evasion,synthetic_attack_patterns,block,"[""path_traversal"", ""payload_evasion""]",1,1,0.0,0.0,0.0,0.0,0.0,0.0,0.0,0.0,0.0,0.1667,0.4,0.0,0.0,2.0,0.0,0.36666666666666664,0.0,0.0,0.0,1.0,0.0,1.0,1.0,29.0,0.24166666666666667,0.0,0.5833,0.0,0.0,0.7778,1.0,0.2,58.0,0.0
pattern-0121,2026-01-01T00:02:01+00:00,GET,/search,10.0.9.18,malicious,payload_evasion,synthetic_attack_patterns,block,"[""payload_evasion""]",0,0,0.0,0.0,0.0,0.0,0.0,0.0,0.0,0.0,0.0,0.1458,0.4,0.0,0.0,2.0,0.0,0.36666666666666664,0.0,0.0,0.0,1.0,0.0,1.0,1.0,41.0,0.3416666666666667,0.0,0.6667,0.0,0.0,0.7778,0.0,0.2,70.0,0.0
pattern-0122,2026-01-01T00:02:02+00:00,GET,/search,10.0.9.18,malicious,payload_evasion,synthetic_attack_patterns,block,"[""payload_evasion""]",0,0,0.0,0.0,0.0,0.0,0.0,0.0,0.0,0.0,0.0,0.0976,0.4,0.0,0.0,2.0,0.0,0.36666666666666664,0.0,0.0,0.0,1.0,0.0,1.0,1.0,34.0,0.2833333333333333,0.0,0.4167,0.0,0.0,0.7778,0.0,0.2,63.0,0.0
pattern-0123,2026-01-01T00:02:03+00:00,GET,/search,10.0.9.18,malicious,payload_evasion,synthetic_attack_patterns,block,"[""payload_evasion""]",0,0,0.0,0.0,0.0,0.0,0.0,0.0,0.0,0.0,0.0,0.1667,0.4,0.0,0.0,2.0,0.0,0.36666666666666664,0.0,0.0,0.0,1.0,0.0,1.0,1.0,65.0,0.5416666666666666,0.0,1.0833,0.0,0.0,0.7778,0.0,0.2,94.0,0.0
pattern-0124,2026-01-01T00:02:04+00:00,GET,/search,10.0.9.18,malicious,payload_evasion,synthetic_attack_patterns,block,"[""path_traversal"", ""payload_evasion""]",1,1,0.0,0.0,0.0,0.0,0.0,0.0,0.0,0.0,0.0,0.1667,0.4,0.0,0.0,2.0,0.0,0.36666666666666664,0.0,0.0,0.0,1.0,0.0,1.0,1.0,29.0,0.24166666666666667,0.0,0.5833,0.0,0.0,0.7778,1.0,0.2,58.0,0.0
pattern-0125,2026-01-01T00:02:05+00:00,GET,/search,10.0.9.18,malicious,payload_evasion,synthetic_attack_patterns,block,"[""payload_evasion""]",0,0,0.0,0.0,0.0,0.0,0.0,0.0,0.0,0.0,0.0,0.1458,0.4,0.0,0.0,2.0,0.0,0.36666666666666664,0.0,0.0,0.0,1.0,0.0,1.0,1.0,41.0,0.3416666666666667,0.0,0.6667,0.0,0.0,0.7778,0.0,0.2,70.0,0.0
pattern-0126,2026-01-01T00:02:06+00:00,GET,/search,10.0.9.18,malicious,payload_evasion,synthetic_attack_patterns,block,"[""payload_evasion""]",0,0,0.0,0.0,0.0,0.0,0.0,0.0,0.0,0.0,0.0,0.0976,0.4,0.0,0.0,2.0,0.0,0.36666666666666664,0.0,0.0,0.0,1.0,0.0,1.0,1.0,34.0,0.2833333333333333,0.0,0.4167,0.0,0.0,0.7778,0.0,0.2,63.0,0.0
pattern-0127,2026-01-01T00:02:07+00:00,GET,/search,10.0.9.18,malicious,payload_evasion,synthetic_attack_patterns,block,"[""payload_evasion""]",0,0,0.0,0.0,0.0,0.0,0.0,0.0,0.0,0.0,0.0,0.1667,0.4,0.0,0.0,2.0,0.0,0.36666666666666664,0.0,0.0,0.0,1.0,0.0,1.0,1.0,65.0,0.5416666666666666,0.0,1.0833,0.0,0.0,0.7778,0.0,0.2,94.0,0.0
pattern-0128,2026-01-01T00:02:08+00:00,GET,/search,10.0.9.18,malicious,payload_evasion,synthetic_attack_patterns,block,"[""path_traversal"", ""payload_evasion""]",1,1,0.0,0.0,0.0,0.0,0.0,0.0,0.0,0.0,0.0,0.1667,0.4,0.0,0.0,2.0,0.0,0.36666666666666664,0.0,0.0,0.0,1.0,0.0,1.0,1.0,29.0,0.24166666666666667,0.0,0.5833,0.0,0.0,0.7778,1.0,0.2,58.0,0.0
pattern-0129,2026-01-01T00:02:09+00:00,GET,/a9f3/zz/xxxxxxxxxxxxxxxxxxxx,10.0.10.19,malicious,anomaly,synthetic_attack_patterns,monitor,"[""payload_evasion"", ""malicious_automation"", ""anomaly""]",0,0,0.0,1.0,1.0,0.0,0.0,0.0,0.0,0.0,0.0,0.0227,0.2,0.0,0.0,2.0,0.0,0.6,0.0,0.0,0.0,3.0,1.0,1.0,0.0,15.0,0.125,0.6666666666666666,0.4167,0.0,0.0,0.8667,0.0,0.9,66.0,0.0
pattern-0130,2026-01-01T00:02:10+00:00,PUT,/api/edge/%7B%7D/qqqqqqqqqqqqqqqqqq,10.0.10.19,malicious,anomaly,synthetic_attack_patterns,monitor,"[""payload_evasion"", ""malicious_automation"", ""anomaly""]",0,0,0.0,1.0,1.0,226.0,0.027587890625,0.0,0.0,0.0,0.0,0.06,0.2,0.0,1.0,3.0,0.0,0.6333333333333333,0.0,1.0,0.0,4.0,1.0,1.0,0.0,15.0,0.125,0.7333333333333333,1.0,0.0,0.0,0.8667,0.0,0.95,72.0,0.0
pattern-0131,2026-01-01T00:02:11+00:00,GET,/content/~~~~~~~~~~/raw,10.0.10.19,malicious,anomaly,synthetic_attack_patterns,monitor,"[""payload_evasion"", ""malicious_automation"", ""anomaly""]",0,0,0.0,1.0,1.0,0.0,0.0,0.0,0.0,0.0,0.0,0.0263,0.2,0.0,0.0,2.0,0.0,0.6666666666666666,0.0,0.0,0.0,3.0,1.0,1.0,0.0,15.0,0.125,0.8,0.4167,0.0,0.0,0.8667,0.0,1.0,60.0,0.0
pattern-0132,2026-01-01T00:02:12+00:00,PUT,/sync/mmmmmmmmmmmmmmmm/delta,10.0.10.19,malicious,anomaly,synthetic_attack_patterns,monitor,"[""payload_evasion"", ""malicious_automation"", ""anomaly""]",0,0,0.0,1.0,1.0,256.0,0.03125,0.0,0.0,0.0,0.0,0.0233,0.2,0.0,1.0,3.0,0.0,0.7,0.0,1.0,0.0,3.0,1.0,1.0,0.0,15.0,0.125,0.8666666666666667,0.75,0.0,0.0,0.8667,0.0,1.0,65.0,0.0
pattern-0133,2026-01-01T00:02:13+00:00,GET,/a9f3/zz/xxxxxxxxxxxxxxxxxxxx,10.0.10.19,malicious,anomaly,synthetic_attack_patterns,monitor,"[""payload_evasion"", ""malicious_automation"", ""anomaly""]",0,0,0.0,1.0,1.0,0.0,0.0,0.0,0.0,0.0,0.0,0.0227,0.2,0.0,0.0,2.0,0.0,0.7333333333333333,0.0,0.0,0.0,3.0,1.0,1.0,0.0,15.0,0.125,0.9333333333333333,0.4167,0.0,0.0,0.8667,0.0,1.0,66.0,0.0
pattern-0134,2026-01-01T00:02:14+00:00,PUT,/api/edge/%7B%7D/qqqqqqqqqqqqqqqqqq,10.0.10.19,malicious,anomaly,synthetic_attack_patterns,monitor,"[""payload_evasion"", ""malicious_automation"", ""anomaly""]",0,1,0.0,1.0,1.0,286.0,0.034912109375,0.0,0.0,0.0,0.0,0.06,0.2,0.0,1.0,3.0,0.0,0.7666666666666667,0.0,1.0,0.0,4.0,1.0,1.0,0.0,15.0,0.125,1.0,1.0,0.0,0.0,0.8667,0.0,1.0,72.0,0.0
pattern-0135,2026-01-01T00:02:15+00:00,GET,/content/~~~~~~~~~~/raw,10.0.10.19,malicious,anomaly,synthetic_attack_patterns,monitor,"[""ddos"", ""payload_evasion"", ""malicious_automation"", ""anomaly""]",0,1,0.0,1.0,1.0,0.0,0.0,0.0,0.0,0.0,1.0,0.0263,0.2,0.0,0.0,2.0,0.0,0.8,0.0,0.0,0.0,3.0,1.0,1.0,0.0,15.0,0.125,1.0666666666666667,0.4167,0.0,0.0,0.8667,0.0,1.0,60.0,0.0
pattern-0136,2026-01-01T00:02:16+00:00,PUT,/sync/mmmmmmmmmmmmmmmm/delta,10.0.10.19,malicious,anomaly,synthetic_attack_patterns,monitor,"[""ddos"", ""payload_evasion"", ""malicious_automation"", ""anomaly""]",0,1,0.0,1.0,1.0,316.0,0.03857421875,0.0,0.0,0.0,1.0,0.0233,0.2,0.0,1.0,3.0,0.0,0.8333333333333334,0.0,1.0,0.0,3.0,1.0,1.0,0.0,15.0,0.125,1.1333333333333333,0.75,0.0,0.0,0.8667,0.0,1.0,65.0,0.0
pattern-0137,2026-01-01T00:02:17+00:00,GET,/a9f3/zz/xxxxxxxxxxxxxxxxxxxx,10.0.10.19,malicious,anomaly,synthetic_attack_patterns,monitor,"[""ddos"", ""payload_evasion"", ""malicious_automation"", ""anomaly""]",0,1,0.0,1.0,1.0,0.0,0.0,0.0,0.0,0.0,1.0,0.0227,0.2,0.0,0.0,2.0,0.0,0.8666666666666667,0.0,0.0,0.0,3.0,1.0,1.0,0.0,15.0,0.125,1.2,0.4167,0.0,0.0,0.8667,0.0,1.0,66.0,0.0
pattern-0138,2026-01-01T00:02:18+00:00,PUT,/api/edge/%7B%7D/qqqqqqqqqqqqqqqqqq,10.0.10.19,malicious,anomaly,synthetic_attack_patterns,monitor,"[""ddos"", ""payload_evasion"", ""malicious_automation"", ""anomaly""]",0,1,0.0,1.0,1.0,346.0,0.042236328125,0.0,0.0,0.0,1.0,0.06,0.2,0.0,1.0,3.0,0.0,0.9,0.0,1.0,0.0,4.0,1.0,1.0,0.0,15.0,0.125,1.2666666666666666,1.0,0.0,0.0,0.8667,0.0,1.0,72.0,0.0
pattern-0139,2026-01-01T00:02:19+00:00,GET,/content/~~~~~~~~~~/raw,10.0.10.19,malicious,anomaly,synthetic_attack_patterns,monitor,"[""ddos"", ""payload_evasion"", ""malicious_automation"", ""anomaly""]",0,1,0.0,1.0,1.0,0.0,0.0,0.0,0.0,0.0,1.0,0.0256,0.2,0.0,0.0,2.0,0.0,0.9333333333333333,0.0,0.0,0.0,3.0,1.0,1.0,0.0,16.0,0.13333333333333333,1.3333333333333333,0.4167,0.0,0.0,0.8667,0.0,1.0,61.0,0.0
pattern-0140,2026-01-01T00:02:20+00:00,PUT,/sync/mmmmmmmmmmmmmmmm/delta,10.0.10.19,malicious,anomaly,synthetic_attack_patterns,monitor,"[""ddos"", ""payload_evasion"", ""malicious_automation"", ""anomaly""]",0,1,0.0,1.0,1.0,376.0,0.0458984375,0.0,0.0,0.0,1.0,0.0227,0.2,0.0,1.0,3.0,0.0,0.9666666666666667,0.0,1.0,0.0,3.0,1.0,1.0,0.0,16.0,0.13333333333333333,1.4,0.75,0.0,0.0,0.8667,0.0,1.0,66.0,0.0
